训练轮次,平均奖励,电压越限次数,PSH约束违反,PSH保持次数,PSH发电次数,PSH抽水次数,PSH停止次数,上水库SOC,下水库SOC,电压最小值,电压最大值,总损失,Actor损失,Critic损失,评估奖励
1,7.5689,27,0,153,165,182,172,0.43,0.297,0.9464,1.0466,0.775109,0.00017,1.577604,
2,9.363,51,0,157,172,173,170,0.419,0.084,0.9459,1.0465,1.214951,0.00338,2.450866,
3,7.5437,28,0,158,164,167,183,0.286,0.413,0.946,1.0466,0.760185,-0.007139,1.562373,
4,7.3517,19,0,172,155,179,166,0.34,0.45,0.9469,1.0466,0.726696,0.001899,1.477319,
5,7.4918,22,0,165,165,166,176,0.261,0.494,0.9459,1.0466,0.736389,-0.001518,1.503539,
6,7.5146,45,0,159,179,174,160,0.35,0.205,0.9461,1.0465,0.75355,0.004836,1.52515,
7,7.6769,43,0,155,185,175,157,0.29,0.272,0.9463,1.0467,0.775763,0.002204,1.574838,
8,7.5045,24,0,156,156,196,164,0.487,0.273,0.9459,1.0464,0.743697,-0.001442,1.517996,
9,7.7963,29,0,138,165,187,182,0.406,0.3,0.9463,1.0468,0.785214,-0.000595,1.599333,
10,7.4258,35,0,163,199,137,173,0.308,0.328,0.9464,1.0465,0.69459,-0.003191,1.423276,9.9799
11,8.1169,21,0,168,164,167,173,0.174,0.578,0.9462,1.0468,0.841731,-0.001886,1.714944,
12,7.7518,42,0,133,157,205,177,0.319,0.253,0.946,1.0465,0.772568,0.0048,1.563244,
13,7.6317,21,0,150,166,190,166,0.366,0.408,0.9456,1.0464,0.73235,0.003324,1.485754,
14,9.3029,47,0,166,170,180,156,0.06,0.437,0.9458,1.0465,1.115624,-0.001437,2.261822,
15,9.7112,19,0,149,184,160,179,0.094,0.668,0.9466,1.0465,1.169974,0.000719,2.366207,
16,9.6891,22,0,158,180,165,169,0.779,0.027,0.9456,1.0457,1.155061,-0.001787,2.341393,
17,7.7236,37,0,142,188,170,172,0.371,0.257,0.9465,1.0466,0.693394,0.004165,1.406156,
18,7.7398,18,0,152,174,179,167,0.347,0.446,0.9466,1.0465,0.673265,-0.001849,1.377919,
19,7.374,24,0,165,172,152,183,0.24,0.492,0.946,1.0464,0.59631,-5.1e-05,1.220409,
20,7.8061,26,0,142,149,183,198,0.283,0.435,0.9466,1.0465,0.667707,-0.001198,1.365491,9.9895
21,7.8131,33,0,142,190,175,165,0.371,0.292,0.9461,1.0466,0.649854,-0.002876,1.333137,
22,9.4166,45,0,146,196,159,171,0.053,0.46,0.9464,1.0466,1.002603,0.005374,2.022133,
23,8.0138,18,0,124,162,186,200,0.296,0.499,0.9473,1.0468,0.662592,-0.000299,1.353449,
24,7.6474,32,0,152,152,193,175,0.339,0.325,0.9464,1.0466,0.58947,0.001348,1.203907,
25,7.9929,30,0,130,205,183,154,0.495,0.214,0.9457,1.0465,0.62897,0.004196,1.277204,
26,7.6723,27,0,151,164,187,170,0.349,0.365,0.9461,1.0465,0.556797,0.000434,1.140377,
27,7.5436,35,0,156,172,177,167,0.418,0.238,0.9463,1.0466,0.556797,0.000434,1.140377,
28,7.7381,20,0,143,168,167,194,0.377,0.41,0.9458,1.0459,0.541818,-0.005366,1.122009,
29,7.7684,26,0,139,177,173,183,0.357,0.373,0.9457,1.0461,0.543512,-0.004056,1.122772,
30,7.9951,22,0,124,163,178,207,0.337,0.429,0.9468,1.0471,0.563086,0.001027,1.151746,10.0
31,7.6036,36,0,151,159,168,194,0.355,0.274,0.9462,1.0465,0.483098,-0.003045,0.999911,
32,7.758,17,0,142,174,190,166,0.565,0.271,0.9473,1.0468,0.483098,-0.003045,0.999911,
33,7.8817,22,0,129,170,181,192,0.302,0.455,0.9471,1.0469,0.510907,-0.007108,1.063646,
34,9.4727,29,0,155,168,167,182,0.096,0.569,0.9458,1.0465,0.806422,0.003903,1.632652,
35,9.5992,25,0,125,177,176,194,0.126,0.582,0.9464,1.0464,0.810276,0.008605,1.630953,
36,7.9195,30,0,129,205,175,163,0.348,0.341,0.946,1.0465,0.477953,0.00638,0.970754,
37,9.6532,21,0,143,154,184,191,0.036,0.699,0.9468,1.0467,0.770378,0.003229,1.561898,
38,9.4004,41,0,152,180,178,162,0.038,0.511,0.9466,1.0469,0.712174,-0.002307,1.456569,
39,9.6187,19,0,129,184,162,197,0.093,0.669,0.9465,1.0469,0.711718,-0.000393,1.451818,
40,8.0412,22,0,126,201,171,174,0.585,0.211,0.9472,1.0465,0.424606,0.002429,0.871945,10.0
41,7.7473,26,0,154,168,175,175,0.269,0.449,0.9464,1.0465,0.346251,0.004195,0.711703,
42,9.688,23,0,136,176,164,196,0.104,0.621,0.9467,1.0466,0.642306,0.002513,1.307174,
43,8.0988,19,0,159,180,162,171,0.193,0.57,0.9466,1.0468,0.642306,0.002513,1.307174,
44,9.3994,24,0,138,167,183,184,0.14,0.58,0.9462,1.0463,0.574515,-0.000582,1.177782,
45,8.0433,27,0,129,188,170,185,0.306,0.402,0.9464,1.0465,0.368696,0.001802,0.76137,
46,8.0527,31,0,117,189,188,178,0.398,0.287,0.9458,1.0465,0.354491,0.000756,0.735042,
47,7.9394,25,0,133,185,184,170,0.509,0.247,0.9468,1.0465,0.334063,0.000877,0.693936,
48,8.1719,18,0,149,180,170,173,0.169,0.614,0.9459,1.0465,0.331874,0.008749,0.673805,
49,7.9582,31,0,126,177,192,177,0.383,0.303,0.9467,1.0467,0.299585,0.000182,0.626362,
50,8.1439,21,0,113,164,185,210,0.211,0.545,0.9461,1.0466,0.300586,-0.005162,0.639039,9.9946
51,7.691,25,0,151,169,176,176,0.29,0.438,0.946,1.0466,0.281057,0.006028,0.577591,
52,8.0588,23,0,131,174,182,185,0.303,0.454,0.9466,1.0465,0.290124,-0.000712,0.609191,
53,8.1094,32,0,118,189,184,181,0.297,0.364,0.9462,1.0466,0.296264,0.013996,0.59205,
54,8.007,32,0,124,176,191,181,0.241,0.416,0.9468,1.0468,0.286537,-0.005508,0.611594,
55,7.8552,24,0,138,178,185,171,0.23,0.5,0.9472,1.0468,0.283723,0.000465,0.594005,
56,8.009,25,0,122,199,184,167,0.279,0.445,0.9459,1.0464,0.255274,-0.007144,0.552308,
57,8.0577,22,0,121,192,179,180,0.306,0.453,0.9462,1.0465,0.286189,-7.6e-05,0.59997,
58,7.798,18,0,139,171,171,191,0.349,0.454,0.9466,1.0466,0.275312,-0.000585,0.579192,
59,8.4457,18,0,95,180,189,208,0.288,0.507,0.9472,1.0466,0.318948,-0.003763,0.672808,
60,9.3684,19,0,106,174,207,185,0.14,0.628,0.946,1.0463,0.351347,0.001213,0.72764,9.9973
61,8.0629,38,0,116,178,180,198,0.356,0.26,0.9463,1.0466,0.281996,-0.002727,0.59684,
62,8.1717,30,0,120,162,186,204,0.32,0.362,0.946,1.0466,0.282805,-0.005015,0.603008,
63,8.1217,32,0,120,187,191,174,0.306,0.351,0.9462,1.0465,0.295761,-0.000825,0.620545,
64,9.5275,46,0,113,199,183,177,0.06,0.452,0.9468,1.0473,0.354847,-0.002862,0.742826,
65,8.16,20,0,116,188,170,198,0.317,0.463,0.9457,1.0464,0.283547,-0.003083,0.600622,
66,8.4086,23,0,97,177,183,215,0.342,0.411,0.9463,1.0464,0.313469,0.001025,0.652252,
67,8.0468,26,0,119,189,193,171,0.258,0.455,0.9465,1.0466,0.308584,-0.006916,0.658362,
68,8.1764,33,0,114,193,190,175,0.333,0.323,0.946,1.0466,0.346813,-0.002396,0.725755,
69,8.1083,44,0,108,187,185,192,0.314,0.244,0.9455,1.0465,0.324856,0.001748,0.673538,
70,8.2088,30,0,111,191,190,180,0.37,0.318,0.9463,1.0466,0.329134,-0.004537,0.694608,9.9955
71,8.8977,36,0,101,204,180,187,0.495,0.153,0.9453,1.0465,0.39374,-0.00588,0.82649,
72,8.3109,25,0,99,183,181,209,0.422,0.321,0.9455,1.0466,0.353514,-0.005103,0.744452,
73,8.1607,25,0,112,206,163,191,0.206,0.513,0.9465,1.0465,0.372004,-0.000564,0.77234,
74,9.5369,29,0,103,194,207,168,0.128,0.543,0.9462,1.0466,0.42487,0.000132,0.876668,
75,8.3604,32,0,93,208,193,178,0.342,0.326,0.9456,1.0464,0.382104,0.0043,0.782786,
76,8.314,18,0,104,182,188,198,0.347,0.455,0.9467,1.0466,0.358324,0.000263,0.743268,
77,8.3048,46,0,102,182,207,181,0.23,0.296,0.9457,1.0465,0.354399,-0.001157,0.738374,
78,8.2304,39,0,111,198,199,164,0.361,0.245,0.9457,1.0466,0.441632,0.002621,0.905158,
79,8.4087,17,0,100,201,196,175,0.37,0.443,0.9467,1.0464,0.410072,0.004597,0.837976,
80,9.6843,28,0,96,198,202,176,0.047,0.626,0.9465,1.0468,0.384229,-0.006382,0.808238,9.9941
81,8.6135,33,0,91,195,199,187,0.467,0.207,0.9462,1.0466,0.389613,0.0011,0.804031,
82,8.4364,18,0,95,199,186,192,0.388,0.421,0.946,1.0464,0.420176,0.00366,0.859979,
83,8.7886,34,0,90,197,190,195,0.174,0.455,0.9467,1.0466,0.429832,0.000757,0.885146,
84,9.6558,35,0,94,198,178,202,0.599,0.072,0.9465,1.0469,0.403399,0.000953,0.831866,
85,8.4395,23,0,99,184,185,204,0.343,0.413,0.9467,1.0466,0.400191,-0.002115,0.831537,
86,9.5617,44,0,87,209,192,184,0.134,0.397,0.946,1.0466,0.370928,0.005311,0.758219,
87,8.3417,34,0,103,185,195,189,0.24,0.397,0.9466,1.0465,0.385873,-0.000912,0.80053,
88,8.4076,35,0,94,192,196,190,0.387,0.258,0.9465,1.047,0.427966,0.007635,0.867618,
89,9.0389,32,0,119,213,145,195,0.157,0.488,0.9466,1.0467,0.338815,-0.003631,0.71187,
90,8.6462,24,0,81,209,182,200,0.278,0.46,0.9466,1.0466,0.453134,0.001293,0.930636,9.9942
91,9.4813,33,0,85,194,191,202,0.146,0.487,0.9465,1.0464,0.450427,0.003952,0.919935,
92,8.5265,25,0,93,200,181,198,0.548,0.212,0.9464,1.0463,0.39916,-0.000832,0.826891,
93,8.5982,13,0,86,190,203,193,0.21,0.624,0.9472,1.0467,0.479702,0.004886,0.976513,
94,8.7724,29,0,71,223,167,211,0.268,0.42,0.9467,1.0465,0.393366,-0.005025,0.823688,
95,8.6309,25,0,79,200,194,199,0.366,0.37,0.9463,1.0466,0.406744,-0.000152,0.840652,
96,9.5358,24,0,95,182,189,206,0.156,0.565,0.9463,1.0465,0.388461,-0.004356,0.812494,
97,8.6264,32,0,86,205,194,187,0.462,0.213,0.9468,1.0467,0.430213,0.003197,0.880868,
98,8.4852,44,0,90,226,180,176,0.309,0.244,0.9465,1.0466,0.342597,0.001732,0.708646,
99,8.6745,30,0,82,212,182,196,0.321,0.362,0.9465,1.0468,0.394856,-0.002864,0.822226,
100,8.8226,31,0,65,217,200,190,0.293,0.379,0.9467,1.0466,0.344488,-0.001244,0.718254,9.9876
101,9.5722,46,0,80,208,183,201,0.49,0.06,0.9461,1.0466,0.365922,-0.001444,0.76153,
102,8.4398,22,0,92,186,213,181,0.547,0.241,0.9469,1.0466,0.433197,-0.006015,0.905096,
103,8.5704,32,0,85,201,190,196,0.192,0.459,0.9466,1.047,0.417953,-0.002194,0.866995,
104,8.7056,41,0,87,208,186,191,0.391,0.203,0.9463,1.0468,0.369543,0.000975,0.763786,
105,8.6503,17,0,79,185,214,194,0.299,0.508,0.9466,1.0465,0.388446,-0.001181,0.805797,
106,8.7363,23,0,74,209,192,197,0.252,0.488,0.9464,1.0466,0.426793,-0.000175,0.880474,
107,9.5872,32,0,66,211,186,209,0.039,0.599,0.9459,1.0466,0.396815,-0.000102,0.820381,
108,8.4992,31,0,84,181,200,207,0.253,0.413,0.9459,1.0466,0.369465,-0.000138,0.765731,
109,8.7794,21,0,69,200,186,217,0.454,0.332,0.9459,1.0457,0.39096,0.002508,0.803335,
110,9.741,33,0,63,241,176,192,0.117,0.516,0.9465,1.0466,0.397896,-0.001308,0.824931,9.9943
111,8.7859,30,0,72,210,185,205,0.377,0.311,0.9463,1.0466,0.412974,-0.000791,0.853981,
112,8.8682,20,0,75,203,177,217,0.277,0.5,0.9465,1.0464,0.417077,-0.001524,0.863595,
113,8.657,28,0,80,216,160,216,0.275,0.425,0.9467,1.0468,0.414588,0.005549,0.844479,
114,9.7341,34,0,80,192,204,196,0.571,0.108,0.9462,1.0465,0.359089,-0.007332,0.759151,
115,8.6795,25,0,76,224,176,196,0.377,0.359,0.946,1.0466,0.40666,-0.003957,0.847468,
116,9.6802,28,0,62,204,186,220,0.71,0.031,0.9465,1.0465,0.403981,0.003074,0.828003,
117,8.8938,29,0,59,190,187,236,0.482,0.233,0.9455,1.0465,0.440918,-0.005031,0.918101,
118,9.3455,22,0,60,194,189,229,0.645,0.153,0.9465,1.0468,0.403351,-0.001077,0.835016,
119,8.6644,23,0,78,201,178,215,0.282,0.464,0.9456,1.0465,0.431005,0.00015,0.887873,
120,8.9901,18,0,58,186,192,236,0.405,0.402,0.9466,1.0465,0.407842,-0.00291,0.847621,10.0
121,8.5541,18,0,87,203,166,216,0.344,0.46,0.9468,1.0469,0.391036,-0.007736,0.823656,
122,8.9299,19,0,59,203,205,205,0.438,0.365,0.9458,1.0458,0.39963,-0.000159,0.825643,
123,8.8313,29,0,66,214,168,224,0.518,0.199,0.9458,1.0466,0.37477,-0.000246,0.776127,
124,8.9436,17,0,62,215,199,196,0.301,0.506,0.9464,1.0462,0.436897,0.00635,0.887141,
125,8.9422,17,0,63,197,186,226,0.205,0.596,0.9468,1.0465,0.385314,-0.00533,0.807308,
126,8.9999,18,0,60,198,183,231,0.442,0.371,0.9463,1.0466,0.411573,-0.001177,0.851467,
127,9.0261,24,0,54,201,198,219,0.509,0.256,0.947,1.0469,0.420545,0.005988,0.855122,
128,8.8713,23,0,64,212,177,219,0.28,0.469,0.9461,1.0464,0.384786,-0.000483,0.796525,
129,8.8402,14,0,68,206,187,211,0.391,0.455,0.946,1.0462,0.376335,-0.004768,0.78813,
130,9.043,12,0,56,207,186,223,0.374,0.489,0.9465,1.0466,0.43383,-0.001348,0.896232,10.0
131,9.0392,24,0,56,216,190,210,0.287,0.451,0.9462,1.0462,0.381363,0.00424,0.780025,
132,9.7389,25,0,44,186,187,255,0.649,0.126,0.9465,1.0467,0.392026,-0.002162,0.814114,
133,8.9992,30,0,56,184,205,227,0.418,0.279,0.9458,1.0465,0.389217,-0.003589,0.811423,
134,9.1868,19,0,49,205,176,242,0.189,0.584,0.947,1.0468,0.40007,-0.003081,0.832069,
135,9.6961,38,0,49,197,178,248,0.572,0.068,0.9459,1.0466,0.418168,0.001186,0.859721,
136,9.3591,42,0,51,228,172,221,0.418,0.171,0.9461,1.0465,0.397733,0.005727,0.8098,
137,8.9524,18,0,58,218,181,215,0.344,0.457,0.947,1.0465,0.43092,-0.002344,0.892144,
138,8.9163,26,0,60,219,180,213,0.31,0.411,0.9471,1.0469,0.422753,0.00217,0.866858,
139,9.1266,18,0,52,236,162,222,0.349,0.455,0.9469,1.0465,0.425546,-0.003018,0.882686,
140,9.7278,32,0,61,205,183,223,0.07,0.566,0.9463,1.0465,0.422955,-0.008107,0.887798,10.0
141,9.7894,21,0,52,208,176,236,0.066,0.674,0.9463,1.0465,0.434878,-0.004972,0.905348,
142,9.2392,22,0,62,208,177,225,0.157,0.585,0.9458,1.0466,0.401853,-0.003506,0.836393,
143,8.9439,25,0,56,210,172,234,0.359,0.38,0.9468,1.0464,0.472887,0.006687,0.958052,
144,9.045,35,0,49,197,196,230,0.385,0.261,0.946,1.0463,0.357298,-0.007777,0.755811,
145,9.0657,28,0,51,220,167,234,0.437,0.28,0.9456,1.0463,0.447149,0.003466,0.912932,
146,9.0872,18,0,51,214,202,205,0.344,0.458,0.9467,1.0463,0.407601,-0.002521,0.845781,
147,9.0775,35,0,61,214,182,215,0.166,0.455,0.9456,1.0466,0.391511,0.004315,0.800002,
148,9.6964,24,0,55,206,179,232,0.038,0.67,0.9466,1.0466,0.428542,0.002345,0.877955,
149,9.0755,27,0,46,208,179,239,0.384,0.339,0.9465,1.0465,0.432153,0.001458,0.886923,
150,9.2208,33,0,43,213,175,241,0.184,0.455,0.9457,1.0466,0.411914,-0.002057,0.853497,10.0
151,9.1361,26,0,45,232,184,211,0.351,0.374,0.947,1.0469,0.433492,0.004714,0.883088,
152,9.1464,32,0,43,223,171,235,0.216,0.438,0.9459,1.0466,0.405106,-0.000154,0.836029,
153,9.0516,42,0,46,220,161,245,0.286,0.284,0.9459,1.0465,0.390375,-0.004295,0.81486,
154,9.2094,22,0,40,201,194,237,0.255,0.497,0.9461,1.0464,0.432466,0.002375,0.885577,
155,9.0571,22,0,50,222,172,228,0.296,0.462,0.9462,1.0466,0.448441,-0.002544,0.92732,
156,9.5601,23,0,39,185,196,252,0.639,0.149,0.9468,1.0472,0.425165,-0.003223,0.882081,
157,9.219,20,0,41,198,189,244,0.437,0.355,0.9466,1.0464,0.416096,-0.000154,0.85785,
158,9.2909,18,0,45,221,177,229,0.177,0.606,0.9462,1.0466,0.438736,0.005625,0.89153,
159,9.0316,24,0,54,200,176,242,0.573,0.198,0.9464,1.0466,0.431991,0.00303,0.883247,
160,9.0769,32,0,43,208,216,205,0.293,0.369,0.9456,1.0465,0.394072,-0.00221,0.817975,10.0
161,9.1792,25,0,43,197,186,246,0.356,0.381,0.9466,1.0466,0.388642,-0.002281,0.807237,
162,9.1402,35,0,41,232,155,244,0.389,0.259,0.9463,1.0462,0.388642,-0.002281,0.807237,
163,9.3155,21,0,48,232,183,209,0.196,0.559,0.9466,1.0468,0.442325,0.005584,0.898866,
164,9.1266,21,0,48,210,195,219,0.307,0.462,0.946,1.0466,0.419171,0.002408,0.858841,
165,9.39,27,0,52,209,172,239,0.151,0.542,0.9455,1.0465,0.413494,-0.001612,0.855558,
166,9.2684,24,0,41,209,197,225,0.399,0.353,0.9458,1.0463,0.403828,-0.002836,0.838628,
167,9.6072,38,0,45,192,207,228,0.517,0.12,0.9461,1.0465,0.397606,-0.002255,0.825046,
168,9.0877,38,0,39,212,191,230,0.325,0.284,0.9463,1.0466,0.397606,-0.002255,0.825046,
169,9.1801,13,0,48,191,175,258,0.294,0.551,0.9465,1.0466,0.435177,-0.001658,0.898874,
170,9.3399,16,0,33,186,203,250,0.312,0.505,0.9471,1.0465,0.424877,-0.002915,0.880789,10.0
171,9.177,19,0,43,222,172,235,0.287,0.498,0.9457,1.0462,0.432724,-5.8e-05,0.890789,
172,9.7402,18,0,39,211,189,233,0.109,0.662,0.9468,1.0464,0.416694,-0.002849,0.864357,
173,9.227,28,0,38,225,178,231,0.478,0.244,0.9459,1.0465,0.400346,0.00029,0.825432,
174,9.669,31,0,43,200,190,239,0.114,0.538,0.9461,1.0466,0.422518,0.000399,0.869623,
175,9.0386,21,0,52,191,203,226,0.21,0.546,0.9465,1.0466,0.459092,0.006894,0.92974,
176,9.0735,22,0,51,209,178,234,0.255,0.496,0.9464,1.0469,0.425106,-0.000503,0.876541,
177,9.1129,22,0,46,213,186,227,0.396,0.376,0.9466,1.0466,0.427989,0.004785,0.871685,
178,9.0843,24,0,48,195,203,226,0.383,0.366,0.9458,1.0459,0.39891,0.001184,0.820706,
179,9.0859,23,0,51,211,177,233,0.338,0.416,0.9463,1.0462,0.424832,-0.000593,0.876097,
180,9.336,27,0,30,198,194,250,0.384,0.337,0.946,1.0465,0.393863,-0.002345,0.817614,10.0
181,9.8,18,0,41,202,198,231,0.797,0.057,0.9465,1.0465,0.420881,-0.008433,0.883744,
182,9.2853,20,0,39,197,204,232,0.294,0.48,0.9467,1.0465,0.462849,0.002319,0.94627,
183,9.1754,22,0,44,223,186,219,0.244,0.511,0.9466,1.0466,0.441742,0.003991,0.900692,
184,9.246,18,0,40,199,196,237,0.388,0.421,0.9461,1.0466,0.446942,-1.2e-05,0.91898,
185,9.2512,23,0,37,207,195,233,0.297,0.451,0.9458,1.0466,0.421864,-0.002824,0.874422,
186,9.1732,32,0,37,195,198,242,0.435,0.243,0.9469,1.0465,0.421864,-0.002824,0.874422,
187,9.0359,26,0,50,202,208,212,0.449,0.288,0.9469,1.0471,0.389796,-0.003354,0.81139,
188,9.7403,23,0,39,210,189,234,0.139,0.588,0.9463,1.0462,0.403987,-0.001859,0.836732,
189,9.1505,31,0,38,222,174,238,0.401,0.284,0.9466,1.0468,0.415206,0.004328,0.846802,
190,9.0957,25,0,46,211,197,218,0.313,0.418,0.9457,1.0466,0.43222,0.000425,0.888598,9.995
191,9.3875,34,0,25,203,216,228,0.352,0.299,0.9467,1.0469,0.390505,-0.004787,0.815684,
192,9.1736,28,0,37,218,189,228,0.376,0.337,0.9468,1.0468,0.42053,5e-05,0.865975,
193,9.262,22,0,36,217,168,251,0.251,0.501,0.9463,1.0466,0.444593,0.00355,0.907006,
194,9.8211,16,0,30,199,192,251,0.127,0.668,0.9468,1.0466,0.426226,-0.002765,0.882875,
195,9.2212,14,0,43,201,195,233,0.297,0.527,0.9466,1.0467,0.426226,-0.002765,0.882875,
196,9.305,21,0,49,195,194,234,0.176,0.575,0.9471,1.0468,0.413676,-0.002556,0.85739,
197,9.1934,13,0,44,207,192,229,0.204,0.63,0.9466,1.0468,0.42962,-0.002182,0.88846,
198,9.2253,30,0,41,222,186,223,0.257,0.419,0.9462,1.0465,0.399145,-0.005753,0.834758,
199,9.3593,17,0,30,199,212,231,0.459,0.366,0.9467,1.0466,0.443928,0.001854,0.909026,
200,9.3331,16,0,32,199,192,249,0.26,0.555,0.9467,1.0468,0.443928,0.001854,0.909026,10.0
201,9.6861,18,0,46,204,193,229,0.111,0.666,0.9472,1.0469,0.442235,-0.001152,0.911651,
202,9.4508,16,0,25,205,192,250,0.22,0.586,0.9467,1.0466,0.44001,0.004204,0.896478,
203,9.2996,22,0,33,210,190,239,0.297,0.461,0.9462,1.0466,0.443125,0.007569,0.89604,
204,9.2085,35,0,33,227,204,208,0.225,0.399,0.9465,1.0466,0.394837,-0.003453,0.821587,
205,9.4998,18,0,45,203,176,248,0.154,0.623,0.9468,1.0465,0.427664,5.2e-05,0.880145,
206,9.4523,30,0,34,198,179,261,0.556,0.154,0.9465,1.0468,0.408432,-0.004242,0.850225,
207,9.7502,23,0,35,204,188,245,0.05,0.669,0.9461,1.0465,0.426222,-0.001101,0.879511,
208,9.3945,23,0,31,200,203,238,0.506,0.265,0.947,1.0466,0.437295,-0.00317,0.905768,
209,9.4912,17,0,25,218,179,250,0.4,0.418,0.9475,1.0471,0.418598,-0.008392,0.878752,
210,9.316,23,0,36,195,226,215,0.48,0.279,0.947,1.0467,0.418598,-0.008392,0.878752,10.0
211,9.3233,17,0,36,205,203,228,0.407,0.412,0.9458,1.0462,0.450342,-0.002037,0.9295,
212,9.1382,27,0,42,189,192,249,0.438,0.29,0.9463,1.0466,0.442263,0.005517,0.898297,
213,9.7632,21,0,39,183,200,250,0.115,0.631,0.9457,1.0465,0.462426,0.002833,0.943995,
214,9.3429,23,0,33,203,205,231,0.573,0.208,0.9461,1.0461,0.448715,0.001199,0.91982,
215,9.2672,25,0,35,220,192,225,0.219,0.5,0.9466,1.0467,0.448715,0.001199,0.91982,
216,9.3423,23,0,31,205,214,222,0.353,0.399,0.9463,1.0465,0.456764,-0.001339,0.940996,
217,9.2492,30,0,34,189,226,223,0.372,0.318,0.9467,1.0466,0.401295,-0.004519,0.836396,
218,9.3172,25,0,31,211,203,227,0.226,0.493,0.9459,1.0466,0.402327,-0.006932,0.843233,
219,9.1307,33,0,43,208,204,217,0.461,0.214,0.9458,1.0465,0.401007,-0.002197,0.831146,
220,9.3785,31,0,28,184,210,250,0.299,0.376,0.9455,1.0464,0.412926,-0.001626,0.853799,10.0
221,9.4542,21,0,23,211,180,258,0.255,0.509,0.9459,1.0466,0.431126,-0.002111,0.891088,
222,9.391,23,0,27,208,175,262,0.239,0.501,0.9464,1.0466,0.415812,-0.00214,0.86056,
223,9.7373,27,0,27,212,182,251,0.105,0.582,0.947,1.0466,0.432843,-0.002348,0.895022,
224,9.6739,28,0,28,193,204,247,0.149,0.534,0.9463,1.0466,0.425841,0.002061,0.872164,
225,9.4128,18,0,29,191,184,268,0.529,0.298,0.9469,1.0465,0.44048,-0.004267,0.913966,
226,9.5042,16,0,22,169,222,259,0.288,0.525,0.9466,1.0463,0.445996,-0.002376,0.921247,
227,9.4313,19,0,27,199,189,257,0.233,0.545,0.9466,1.0471,0.453721,0.004517,0.922944,
228,9.2771,22,0,33,186,201,252,0.262,0.489,0.9471,1.0467,0.406391,-0.002898,0.843079,
229,9.452,28,0,24,197,207,244,0.413,0.305,0.9459,1.0463,0.443378,0.006851,0.897589,
230,9.4313,16,0,25,210,188,249,0.225,0.581,0.9461,1.0465,0.442579,-0.001815,0.913231,10.0
231,9.4738,41,0,31,208,198,235,0.424,0.172,0.9457,1.0465,0.392842,-0.00543,0.821135,
232,9.5157,23,0,24,180,212,256,0.401,0.359,0.9468,1.0466,0.412537,-0.008026,0.865594,
233,9.3393,13,0,36,197,197,242,0.417,0.442,0.9463,1.0464,0.471441,0.005983,0.955314,
234,9.4795,23,0,23,216,211,222,0.451,0.313,0.9461,1.0464,0.461687,0.004835,0.93813,
235,9.4837,13,0,24,193,216,239,0.395,0.462,0.9463,1.0465,0.45554,-0.001249,0.937953,
236,9.7305,29,0,35,213,200,224,0.128,0.542,0.9454,1.0465,0.409137,-0.000515,0.843828,
237,9.7881,26,0,33,221,186,232,0.117,0.583,0.946,1.0465,0.409486,-0.007995,0.859536,
238,9.4417,25,0,23,212,180,257,0.402,0.34,0.946,1.0465,0.436314,-0.002108,0.901356,
239,9.7652,24,0,41,196,184,251,0.727,0.061,0.9465,1.0466,0.448346,0.002404,0.916351,
240,9.4429,20,0,26,195,178,273,0.566,0.244,0.9463,1.0466,0.451011,0.000608,0.92524,10.0
241,9.4264,18,0,26,211,196,239,0.343,0.459,0.9459,1.0465,0.465996,7.3e-05,0.956262,
242,9.6364,35,0,27,196,229,220,0.118,0.496,0.9462,1.0465,0.466749,0.012836,0.932389,
243,9.4219,20,0,25,192,183,272,0.468,0.329,0.9466,1.0466,0.450272,-0.001506,0.927978,
244,9.4803,30,0,31,206,211,224,0.176,0.491,0.9467,1.0467,0.450272,-0.001506,0.927978,
245,9.6508,23,0,24,223,203,222,0.144,0.588,0.946,1.0466,0.423546,-0.006448,0.884512,
246,9.6577,30,0,38,192,222,220,0.648,0.076,0.9466,1.0467,0.415395,-0.003557,0.86251,
247,9.3426,36,0,24,222,211,215,0.387,0.25,0.9466,1.0468,0.405505,-0.003924,0.843506,
248,9.7201,28,0,35,198,208,231,0.091,0.583,0.9463,1.0468,0.416277,-0.005901,0.869021,
249,9.3538,31,0,26,213,215,218,0.353,0.324,0.9459,1.0465,0.41886,-0.005714,0.873776,
250,9.6051,27,0,27,182,216,247,0.148,0.545,0.9463,1.0466,0.461328,0.002002,0.943282,10.0
251,9.6155,23,0,28,193,203,248,0.638,0.149,0.9455,1.046,0.46307,-0.003147,0.956923,
252,9.4455,26,0,22,206,197,247,0.354,0.372,0.9461,1.0464,0.450515,-0.000229,0.926015,
253,9.2324,38,0,34,204,210,224,0.376,0.238,0.9467,1.0471,0.401133,-0.002301,0.831526,
254,9.3392,31,0,27,197,186,262,0.257,0.411,0.9461,1.0465,0.428609,-0.000107,0.882007,
255,9.4912,30,0,29,203,200,240,0.556,0.157,0.9464,1.0467,0.452689,0.011042,0.907852,
256,9.191,34,0,33,215,195,229,0.414,0.243,0.9465,1.0465,0.421309,-0.002342,0.871895,
257,9.3128,28,0,33,192,198,249,0.535,0.193,0.9461,1.0467,0.42617,0.000193,0.876505,
258,9.3138,24,0,30,210,209,223,0.251,0.479,0.9465,1.0468,0.456325,0.005517,0.926139,
259,9.4314,25,0,22,190,199,261,0.325,0.405,0.946,1.0465,0.439217,0.00185,0.899249,
260,9.4281,23,0,29,222,192,229,0.329,0.424,0.9466,1.0465,0.429095,-0.001849,0.886443,10.0
261,9.5176,21,0,24,230,181,237,0.355,0.419,0.9467,1.0466,0.43835,0.000203,0.900778,
262,9.3523,22,0,29,221,201,221,0.343,0.421,0.9468,1.0465,0.463015,0.005809,0.938838,
263,9.769,16,0,26,206,192,248,0.122,0.673,0.9466,1.0466,0.479442,0.006031,0.971217,
264,9.3609,21,0,29,209,184,250,0.217,0.54,0.947,1.0466,0.453169,0.003071,0.924575,
265,9.3039,31,0,30,205,211,226,0.4,0.284,0.9466,1.0465,0.428616,0.006302,0.869054,
266,9.515,17,0,22,219,211,220,0.371,0.442,0.9465,1.0466,0.452469,0.004177,0.920927,
267,9.7273,32,0,26,218,208,220,0.615,0.088,0.9466,1.0467,0.445532,0.002899,0.909747,
268,9.4294,24,0,26,196,189,261,0.324,0.419,0.946,1.0463,0.439261,-0.001279,0.905479,
269,9.3832,34,0,25,191,197,259,0.423,0.238,0.9459,1.0466,0.410951,0.000725,0.844896,
270,9.8249,12,0,33,201,187,251,0.062,0.765,0.9466,1.0465,0.44505,-0.004283,0.923069,10.0
271,9.4792,21,0,25,188,208,251,0.359,0.416,0.9459,1.0466,0.433779,-0.000997,0.893978,
272,9.2657,29,0,38,199,204,231,0.383,0.316,0.9459,1.0459,0.425877,0.003119,0.869987,
273,9.4124,22,0,26,200,198,248,0.296,0.463,0.9459,1.0464,0.42715,-0.001657,0.882029,
274,9.3966,21,0,27,211,208,226,0.355,0.419,0.946,1.0465,0.413542,-0.008172,0.867823,
275,9.3996,23,0,31,200,206,235,0.183,0.553,0.9459,1.0463,0.42432,-0.000522,0.874141,
276,9.8151,22,0,30,213,183,246,0.755,0.056,0.9458,1.0462,0.459255,0.000722,0.941397,
277,9.4333,20,0,24,203,190,255,0.561,0.247,0.9457,1.0456,0.472092,0.001757,0.96499,
278,9.3952,21,0,29,196,222,225,0.452,0.335,0.9473,1.0468,0.4184,-0.001358,0.863851,
279,9.303,37,0,30,204,196,242,0.319,0.307,0.9461,1.0465,0.387407,-0.00227,0.803839,
280,9.7787,22,0,25,217,193,237,0.042,0.675,0.9463,1.0465,0.433816,0.002135,0.887795,10.0
281,9.3756,26,0,27,204,206,235,0.491,0.254,0.9468,1.0465,0.45235,0.00262,0.923838,
282,9.3581,26,0,28,198,199,247,0.273,0.447,0.9461,1.0466,0.405417,-0.005629,0.846519,
283,9.3884,16,0,29,219,194,230,0.416,0.413,0.9466,1.0472,0.479263,0.004177,0.974539,
284,9.8033,17,0,23,197,205,247,0.06,0.718,0.9473,1.0467,0.418472,-0.007274,0.875962,
285,9.2724,23,0,37,204,208,223,0.244,0.497,0.9462,1.0465,0.433248,-0.000772,0.892547,
286,9.3413,23,0,33,208,209,222,0.235,0.505,0.9468,1.0469,0.415858,-0.004717,0.865635,
287,9.3283,27,0,31,194,202,245,0.293,0.415,0.947,1.0465,0.429251,-0.00165,0.886286,
288,9.2934,28,0,31,201,224,216,0.338,0.367,0.9459,1.0466,0.426654,0.002404,0.872961,
289,9.47,22,0,22,185,203,262,0.298,0.46,0.9466,1.0468,0.423372,-0.004062,0.879297,
290,9.3024,30,0,34,183,209,246,0.352,0.335,0.9468,1.0466,0.420225,0.005754,0.853342,10.0
291,9.5382,29,0,27,205,221,219,0.575,0.148,0.9467,1.0467,0.420225,0.005754,0.853342,
292,9.5182,23,0,17,200,224,231,0.476,0.295,0.9467,1.0468,0.423497,-0.001474,0.874305,
293,9.4254,26,0,28,212,199,233,0.393,0.338,0.9462,1.0462,0.459527,0.007093,0.929269,
294,9.344,33,0,28,204,223,217,0.414,0.255,0.9468,1.0469,0.435084,0.004009,0.886588,
295,9.4288,28,0,23,227,216,206,0.53,0.197,0.9458,1.0466,0.404044,-0.004983,0.84242,
296,9.6666,37,0,34,226,207,205,0.138,0.461,0.9464,1.0469,0.401724,-0.002741,0.833413,
297,9.656,21,0,22,223,202,225,0.67,0.14,0.9461,1.0461,0.441614,-0.000727,0.908968,
298,9.5076,22,0,20,215,192,245,0.445,0.33,0.946,1.0456,0.433858,-0.002254,0.89656,
299,9.4734,22,0,24,186,233,229,0.272,0.481,0.9468,1.0465,0.45947,0.00151,0.940294,
300,9.4823,21,0,20,217,202,233,0.21,0.549,0.9462,1.0464,0.450609,-0.000668,0.926949,10.0
301,9.2583,36,0,32,201,197,242,0.384,0.252,0.9466,1.0468,0.413373,0.001683,0.847816,
302,9.4961,18,0,21,208,210,233,0.593,0.239,0.9462,1.0469,0.471156,0.006475,0.953682,
303,9.4591,21,0,21,225,222,204,0.269,0.493,0.9468,1.0466,0.462396,0.006628,0.935893,
304,9.4001,20,0,30,210,211,221,0.421,0.37,0.9466,1.0465,0.414277,-0.005507,0.863874,
305,9.4774,32,0,37,189,217,229,0.529,0.162,0.946,1.0466,0.44419,0.005482,0.90175,
306,9.6047,16,0,20,197,212,243,0.168,0.633,0.946,1.0464,0.438458,-0.003496,0.908212,
307,9.5423,16,0,19,216,196,241,0.32,0.497,0.9473,1.0465,0.431341,-0.004382,0.895727,
308,9.4687,16,0,31,202,203,236,0.176,0.625,0.9461,1.0465,0.43271,-0.003244,0.896151,
309,9.3896,24,0,28,191,201,252,0.519,0.246,0.9466,1.0468,0.424392,0.001149,0.870755,
310,9.4518,21,0,22,219,178,253,0.305,0.465,0.9461,1.0461,0.433214,0.000491,0.889739,10.0
311,9.3788,47,0,27,214,199,232,0.178,0.338,0.9467,1.0468,0.381838,0.003045,0.782046,
312,9.398,33,0,27,192,181,272,0.334,0.322,0.9466,1.0466,0.408727,0.00144,0.838978,
313,9.4086,20,0,34,197,186,255,0.183,0.58,0.9468,1.0466,0.450878,0.00333,0.91945,
314,9.326,19,0,31,215,186,240,0.339,0.452,0.9463,1.0466,0.42381,-0.004852,0.881624,
315,9.131,37,0,39,203,192,238,0.392,0.236,0.9455,1.0465,0.386728,-0.000513,0.798847,
316,9.8347,15,0,25,197,205,245,0.093,0.707,0.946,1.0457,0.477358,0.006601,0.965768,
317,9.4793,22,0,24,212,214,222,0.541,0.247,0.9467,1.0464,0.475177,0.006372,0.961941,
318,9.4373,34,0,21,203,212,236,0.364,0.288,0.9464,1.0466,0.389567,-0.003162,0.809896,
319,9.3664,19,0,31,209,194,238,0.345,0.445,0.9473,1.0467,0.459307,-0.001819,0.946576,
320,9.4402,22,0,24,228,178,242,0.501,0.279,0.9459,1.0465,0.44136,-0.000557,0.908065,10.0
321,9.4136,22,0,30,202,194,246,0.242,0.51,0.9466,1.0465,0.421671,-0.00851,0.884672,
322,9.636,21,0,26,213,188,245,0.659,0.15,0.9468,1.0463,0.440523,-0.003263,0.911821,
323,9.2787,23,0,35,195,209,233,0.437,0.328,0.9463,1.0466,0.407198,-0.002731,0.84407,
324,9.5639,18,0,17,212,191,252,0.344,0.458,0.9461,1.046,0.423899,-0.002886,0.877792,
325,9.3744,21,0,29,203,193,247,0.447,0.34,0.9466,1.0471,0.443288,0.002543,0.90573,
326,9.2256,36,0,34,196,217,225,0.383,0.253,0.9457,1.0466,0.419174,0.00587,0.850897,
327,9.4048,14,0,33,180,222,237,0.408,0.439,0.9468,1.0464,0.431386,-0.005477,0.897928,
328,9.2587,31,0,33,203,192,244,0.257,0.408,0.9459,1.0465,0.388727,-0.001506,0.804751,
329,9.426,22,0,24,224,197,227,0.3,0.458,0.947,1.0465,0.424884,-0.002413,0.878822,
330,9.3139,29,0,27,201,206,238,0.312,0.384,0.9465,1.0466,0.413462,0.00112,0.848977,10.0
